Round,Date,Team 1,FT,Team 2
1,Sat Sep 12 2020,Accrington Stanley FC,2-0,Peterborough United FC
1,Sat Sep 12 2020,Crewe Alexandra FC,0-2,Charlton Athletic FC
1,Sat Sep 12 2020,Doncaster Rovers FC,1-1,Milton Keynes Dons FC
1,Sat Sep 12 2020,Fleetwood Town FC,2-1,Burton Albion FC
1,Sat Sep 12 2020,Gillingham FC,0-2,Hull City AFC
1,Sat Sep 12 2020,Lincoln City FC,2-0,Oxford United FC
1,Sat Sep 12 2020,Northampton Town FC,2-2,AFC Wimbledon
1,Sat Sep 12 2020,Plymouth Argyle FC,1-0,Blackpool FC
1,Sat Sep 12 2020,Portsmouth FC,0-0,Shrewsbury Town FC
1,Sat Sep 12 2020,Sunderland AFC,1-1,Bristol Rovers FC
1,Sat Sep 12 2020,Swindon Town FC,3-1,Rochdale AFC
1,Sun Sep 13 2020,Ipswich Town FC,2-0,Wigan Athletic FC
2,Sat Sep 19 2020,AFC Wimbledon,4-4,Plymouth Argyle FC
2,Sat Sep 19 2020,Blackpool FC,2-0,Swindon Town FC
2,Sat Sep 19 2020,Bristol Rovers FC,0-2,Ipswich Town FC
2,Sat Sep 19 2020,Burton Albion FC,2-1,Accrington Stanley FC
2,Sat Sep 19 2020,Charlton Athletic FC,1-3,Doncaster Rovers FC
2,Sat Sep 19 2020,Wigan Athletic FC,2-3,Gillingham FC
2,Sat Sep 19 2020,Milton Keynes Dons FC,1-2,Lincoln City FC
2,Sat Sep 19 2020,Oxford United FC,0-2,Sunderland AFC
2,Sat Sep 19 2020,Peterborough United FC,2-1,Fleetwood Town FC
2,Sat Sep 19 2020,Shrewsbury Town FC,1-2,Northampton Town FC
2,Sat Sep 19 2020,Hull City AFC,1-0,Crewe Alexandra FC
2,Sun Sep 20 2020,Rochdale AFC,0-0,Portsmouth FC
3,Sat Sep 26 2020,Gillingham FC,2-0,Blackpool FC
3,Sat Sep 26 2020,Crewe Alexandra FC,2-0,Milton Keynes Dons FC
3,Sat Sep 26 2020,Doncaster Rovers FC,4-1,Bristol Rovers FC
3,Sat Sep 26 2020,Fleetwood Town FC,0-1,AFC Wimbledon
3,Sat Sep 26 2020,Accrington Stanley FC,1-4,Oxford United FC
3,Sat Sep 26 2020,Ipswich Town FC,2-0,Rochdale AFC
3,Sat Sep 26 2020,Northampton Town FC,0-2,Hull City AFC
3,Sat Sep 26 2020,Plymouth Argyle FC,1-1,Shrewsbury Town FC
3,Sat Sep 26 2020,Portsmouth FC,1-2,Wigan Athletic FC
3,Sat Sep 26 2020,Sunderland AFC,1-0,Peterborough United FC
3,Sat Sep 26 2020,Swindon Town FC,4-2,Burton Albion FC
3,Sun Sep 27 2020,Lincoln City FC,2-0,Charlton Athletic FC
4,Sat Oct 3 2020,AFC Wimbledon,1-2,Accrington Stanley FC
4,Sat Oct 3 2020,Blackpool FC,2-3,Lincoln City FC
4,Sat Oct 3 2020,Bristol Rovers FC,2-0,Northampton Town FC
4,Sat Oct 3 2020,Shrewsbury Town FC,1-1,Gillingham FC
4,Sat Oct 3 2020,Charlton Athletic FC,0-0,Sunderland AFC
4,Sat Oct 3 2020,Hull City AFC,1-0,Plymouth Argyle FC
4,Sat Oct 3 2020,Milton Keynes Dons FC,1-1,Ipswich Town FC
4,Sat Oct 3 2020,Peterborough United FC,3-1,Swindon Town FC
4,Sat Oct 3 2020,Rochdale AFC,2-1,Fleetwood Town FC
4,Sat Oct 3 2020,Wigan Athletic FC,1-0,Doncaster Rovers FC
4,Sat Oct 3 2020,Burton Albion FC,2-4,Portsmouth FC
5,Fri Oct 9 2020,Fleetwood Town FC,4-1,Hull City AFC
5,Sat Oct 10 2020,Gillingham FC,3-1,Oxford United FC
12,Sat Oct 10 2020,Blackpool FC,1-4,Ipswich Town FC
5,Sat Oct 10 2020,Accrington Stanley FC,2-1,Rochdale AFC
5,Sat Oct 10 2020,Swindon Town FC,0-1,AFC Wimbledon
5,Sat Oct 10 2020,Crewe Alexandra FC,3-0,Wigan Athletic FC
5,Sat Oct 10 2020,Northampton Town FC,0-2,Peterborough United FC
5,Sat Oct 10 2020,Plymouth Argyle FC,2-0,Burton Albion FC
5,Sat Oct 10 2020,Portsmouth FC,2-1,Milton Keynes Dons FC
5,Sat Oct 10 2020,Lincoln City FC,1-2,Bristol Rovers FC
6,Sat Oct 17 2020,Milton Keynes Dons FC,2-0,Gillingham FC
6,Sat Oct 17 2020,Swindon Town FC,0-2,Sunderland AFC
6,Sat Oct 17 2020,Plymouth Argyle FC,2-1,Northampton Town FC
6,Sat Oct 17 2020,Rochdale AFC,0-3,Hull City AFC
6,Sat Oct 17 2020,AFC Wimbledon,0-1,Shrewsbury Town FC
6,Sat Oct 17 2020,Portsmouth FC,0-1,Doncaster Rovers FC
6,Sat Oct 17 2020,Charlton Athletic FC,1-0,Wigan Athletic FC
6,Sat Oct 17 2020,Crewe Alexandra FC,1-1,Blackpool FC
6,Sat Oct 17 2020,Fleetwood Town FC,0-0,Lincoln City FC
6,Sat Oct 17 2020,Ipswich Town FC,2-0,Accrington Stanley FC
6,Sat Oct 17 2020,Peterborough United FC,2-0,Oxford United FC
6,Sat Oct 17 2020,Bristol Rovers FC,1-1,Burton Albion FC
7,Tue Oct 20 2020,Shrewsbury Town FC,0-1,Bristol Rovers FC
7,Tue Oct 20 2020,Gillingham FC,0-2,Portsmouth FC
7,Tue Oct 20 2020,Doncaster Rovers FC,4-1,Ipswich Town FC
7,Tue Oct 20 2020,Wigan Athletic FC,0-1,Peterborough United FC
7,Tue Oct 20 2020,Sunderland AFC,1-0,Crewe Alexandra FC
7,Tue Oct 20 2020,Accrington Stanley FC,1-0,Fleetwood Town FC
7,Tue Oct 20 2020,Blackpool FC,0-1,Charlton Athletic FC
7,Tue Oct 20 2020,Oxford United FC,3-2,Milton Keynes Dons FC
7,Tue Oct 20 2020,Lincoln City FC,2-0,Plymouth Argyle FC
7,Tue Oct 20 2020,Hull City AFC,1-0,AFC Wimbledon
7,Tue Oct 20 2020,Burton Albion FC,0-1,Rochdale AFC
7,Tue Oct 20 2020,Northampton Town FC,2-1,Swindon Town FC
8,Sat Oct 24 2020,Oxford United FC,,Swindon Town FC
8,Sat Oct 24 2020,Sunderland AFC,1-3,Portsmouth FC
8,Sat Oct 24 2020,Wigan Athletic FC,1-1,Plymouth Argyle FC
8,Sat Oct 24 2020,Accrington Stanley FC,,Bristol Rovers FC
8,Sat Oct 24 2020,Gillingham FC,0-2,Fleetwood Town FC
8,Sat Oct 24 2020,Shrewsbury Town FC,1-2,Rochdale AFC
8,Sat Oct 24 2020,Blackpool FC,1-0,Milton Keynes Dons FC
8,Sat Oct 24 2020,Burton Albion FC,1-1,AFC Wimbledon
8,Sat Oct 24 2020,Northampton Town FC,0-2,Charlton Athletic FC
8,Sat Oct 24 2020,Hull City AFC,1-2,Peterborough United FC
8,Sat Oct 24 2020,Lincoln City FC,1-0,Ipswich Town FC
8,Sat Oct 24 2020,Doncaster Rovers FC,1-2,Crewe Alexandra FC
9,Tue Oct 27 2020,Crewe Alexandra FC,0-1,Lincoln City FC
9,Tue Oct 27 2020,Swindon Town FC,,Accrington Stanley FC
9,Tue Oct 27 2020,Peterborough United FC,2-2,Burton Albion FC
9,Tue Oct 27 2020,AFC Wimbledon,1-0,Blackpool FC
9,Tue Oct 27 2020,Ipswich Town FC,1-0,Gillingham FC
9,Tue Oct 27 2020,Charlton Athletic FC,2-0,Oxford United FC
9,Tue Oct 27 2020,Milton Keynes Dons FC,2-0,Wigan Athletic FC
9,Tue Oct 27 2020,Bristol Rovers FC,1-3,Hull City AFC
9,Tue Oct 27 2020,Plymouth Argyle FC,2-1,Doncaster Rovers FC
9,Tue Oct 27 2020,Rochdale AFC,2-2,Sunderland AFC
9,Tue Oct 27 2020,Portsmouth FC,4-0,Northampton Town FC
9,Tue Oct 27 2020,Fleetwood Town FC,1-0,Shrewsbury Town FC
10,Sat Oct 31 2020,Gillingham FC,,Sunderland AFC
10,Sat Oct 31 2020,Wigan Athletic FC,,Northampton Town FC
10,Sat Oct 31 2020,Swindon Town FC,,Hull City AFC
10,Sat Oct 31 2020,Rochdale AFC,,Bristol Rovers FC
10,Sat Oct 31 2020,Accrington Stanley FC,,Plymouth Argyle FC
10,Sat Oct 31 2020,Burton Albion FC,,Blackpool FC
10,Sat Oct 31 2020,Doncaster Rovers FC,,Lincoln City FC
10,Sat Oct 31 2020,Fleetwood Town FC,,Oxford United FC
10,Sat Oct 31 2020,Ipswich Town FC,,Crewe Alexandra FC
10,Sat Oct 31 2020,Milton Keynes Dons FC,,AFC Wimbledon
10,Sat Oct 31 2020,Portsmouth FC,,Charlton Athletic FC
10,Sat Oct 31 2020,Peterborough United FC,,Shrewsbury Town FC
11,Tue Nov 3 2020,Sunderland AFC,,Ipswich Town FC
11,Tue Nov 3 2020,Plymouth Argyle FC,,Swindon Town FC
11,Tue Nov 3 2020,Oxford United FC,,Rochdale AFC
11,Tue Nov 3 2020,Blackpool FC,,Wigan Athletic FC
11,Tue Nov 3 2020,Bristol Rovers FC,,Peterborough United FC
11,Tue Nov 3 2020,Charlton Athletic FC,,Fleetwood Town FC
11,Tue Nov 3 2020,Crewe Alexandra FC,,Gillingham FC
11,Tue Nov 3 2020,Lincoln City FC,,Portsmouth FC
11,Tue Nov 3 2020,Hull City AFC,,Accrington Stanley FC
11,Tue Nov 3 2020,Shrewsbury Town FC,,Burton Albion FC
11,Tue Nov 3 2020,Northampton Town FC,,Milton Keynes Dons FC
11,Tue Nov 3 2020,AFC Wimbledon,,Doncaster Rovers FC
12,Sat Nov 14 2020,Northampton Town FC,,Accrington Stanley FC
12,Sat Nov 14 2020,Sunderland AFC,,Milton Keynes Dons FC
12,Sat Nov 14 2020,Shrewsbury Town FC,,Swindon Town FC
12,Sat Nov 14 2020,Oxford United FC,,Doncaster Rovers FC
12,Sat Nov 14 2020,AFC Wimbledon,,Wigan Athletic FC
12,Sat Nov 14 2020,Lincoln City FC,,Gillingham FC
12,Sat Nov 14 2020,Charlton Athletic FC,,Rochdale AFC
12,Sat Nov 14 2020,Crewe Alexandra FC,,Peterborough United FC
12,Sat Nov 14 2020,Hull City AFC,,Burton Albion FC
12,Sat Nov 14 2020,Bristol Rovers FC,,Fleetwood Town FC
12,Mon Nov 16 2020,Plymouth Argyle FC,,Portsmouth FC
4,Tue Nov 17 2020,Oxford United FC,,Crewe Alexandra FC
13,Sat Nov 21 2020,Gillingham FC,,Charlton Athletic FC
13,Sat Nov 21 2020,Accrington Stanley FC,,Lincoln City FC
13,Sat Nov 21 2020,Rochdale AFC,,AFC Wimbledon
13,Sat Nov 21 2020,Burton Albion FC,,Northampton Town FC
13,Sat Nov 21 2020,Swindon Town FC,,Bristol Rovers FC
13,Sat Nov 21 2020,Wigan Athletic FC,,Oxford United FC
13,Sat Nov 21 2020,Doncaster Rovers FC,,Sunderland AFC
13,Sat Nov 21 2020,Fleetwood Town FC,,Plymouth Argyle FC
13,Sat Nov 21 2020,Ipswich Town FC,,Shrewsbury Town FC
13,Sat Nov 21 2020,Milton Keynes Dons FC,,Hull City AFC
13,Sat Nov 21 2020,Peterborough United FC,,Blackpool FC
13,Sat Nov 21 2020,Portsmouth FC,,Crewe Alexandra FC
14,Tue Nov 24 2020,Gillingham FC,,AFC Wimbledon
14,Tue Nov 24 2020,Peterborough United FC,,Plymouth Argyle FC
14,Tue Nov 24 2020,Wigan Athletic FC,,Bristol Rovers FC
14,Tue Nov 24 2020,Swindon Town FC,,Lincoln City FC
14,Tue Nov 24 2020,Portsmouth FC,,Oxford United FC
14,Tue Nov 24 2020,Ipswich Town FC,,Hull City AFC
14,Tue Nov 24 2020,Rochdale AFC,,Northampton Town FC
14,Tue Nov 24 2020,Accrington Stanley FC,,Crewe Alexandra FC
14,Tue Nov 24 2020,Burton Albion FC,,Charlton Athletic FC
14,Tue Nov 24 2020,Fleetwood Town FC,,Sunderland AFC
14,Tue Nov 24 2020,Milton Keynes Dons FC,,Shrewsbury Town FC
14,Tue Nov 24 2020,Doncaster Rovers FC,,Blackpool FC
15,Tue Dec 1 2020,Lincoln City FC,,Wigan Athletic FC
15,Tue Dec 1 2020,Bristol Rovers FC,,Gillingham FC
15,Tue Dec 1 2020,Oxford United FC,,Ipswich Town FC
15,Tue Dec 1 2020,Shrewsbury Town FC,,Accrington Stanley FC
15,Tue Dec 1 2020,AFC Wimbledon,,Peterborough United FC
15,Tue Dec 1 2020,Sunderland AFC,,Burton Albion FC
15,Tue Dec 1 2020,Blackpool FC,,Portsmouth FC
15,Tue Dec 1 2020,Charlton Athletic FC,,Milton Keynes Dons FC
15,Tue Dec 1 2020,Crewe Alexandra FC,,Swindon Town FC
15,Tue Dec 1 2020,Hull City AFC,,Doncaster Rovers FC
15,Tue Dec 1 2020,Northampton Town FC,,Fleetwood Town FC
15,Tue Dec 1 2020,Plymouth Argyle FC,,Rochdale AFC
16,Sat Dec 5 2020,Gillingham FC,,Swindon Town FC
16,Sat Dec 5 2020,Shrewsbury Town FC,,Charlton Athletic FC
16,Sat Dec 5 2020,Sunderland AFC,,Wigan Athletic FC
16,Sat Dec 5 2020,AFC Wimbledon,,Bristol Rovers FC
16,Sat Dec 5 2020,Accrington Stanley FC,,Milton Keynes Dons FC
16,Sat Dec 5 2020,Rochdale AFC,,Lincoln City FC
16,Sat Dec 5 2020,Burton Albion FC,,Crewe Alexandra FC
16,Sat Dec 5 2020,Fleetwood Town FC,,Blackpool FC
16,Sat Dec 5 2020,Northampton Town FC,,Doncaster Rovers FC
16,Sat Dec 5 2020,Oxford United FC,,Hull City AFC
16,Sat Dec 5 2020,Plymouth Argyle FC,,Ipswich Town FC
16,Sat Dec 5 2020,Portsmouth FC,,Peterborough United FC
17,Sat Dec 12 2020,Swindon Town FC,,Fleetwood Town FC
17,Sat Dec 12 2020,Peterborough United FC,,Rochdale AFC
17,Sat Dec 12 2020,Wigan Athletic FC,,Accrington Stanley FC
17,Sat Dec 12 2020,Blackpool FC,,Oxford United FC
17,Sat Dec 12 2020,Bristol Rovers FC,,Plymouth Argyle FC
17,Sat Dec 12 2020,Charlton Athletic FC,,AFC Wimbledon
17,Sat Dec 12 2020,Crewe Alexandra FC,,Northampton Town FC
17,Sat Dec 12 2020,Doncaster Rovers FC,,Gillingham FC
17,Sat Dec 12 2020,Hull City AFC,,Shrewsbury Town FC
17,Sat Dec 12 2020,Ipswich Town FC,,Portsmouth FC
17,Sat Dec 12 2020,Lincoln City FC,,Sunderland AFC
17,Sat Dec 12 2020,Milton Keynes Dons FC,,Burton Albion FC
18,Tue Dec 15 2020,Sunderland AFC,,AFC Wimbledon
18,Tue Dec 15 2020,Blackpool FC,,Hull City AFC
18,Tue Dec 15 2020,Portsmouth FC,,Fleetwood Town FC
18,Tue Dec 15 2020,Wigan Athletic FC,,Rochdale AFC
18,Tue Dec 15 2020,Charlton Athletic FC,,Bristol Rovers FC
18,Tue Dec 15 2020,Oxford United FC,,Northampton Town FC
18,Tue Dec 15 2020,Gillingham FC,,Accrington Stanley FC
18,Tue Dec 15 2020,Ipswich Town FC,,Burton Albion FC
18,Tue Dec 15 2020,Lincoln City FC,,Shrewsbury Town FC
18,Tue Dec 15 2020,Milton Keynes Dons FC,,Peterborough United FC
18,Tue Dec 15 2020,Crewe Alexandra FC,,Plymouth Argyle FC
18,Tue Dec 15 2020,Doncaster Rovers FC,,Swindon Town FC
19,Sat Dec 19 2020,Bristol Rovers FC,,Oxford United FC
19,Sat Dec 19 2020,Shrewsbury Town FC,,Sunderland AFC
19,Sat Dec 19 2020,Swindon Town FC,,Charlton Athletic FC
19,Sat Dec 19 2020,Accrington Stanley FC,,Blackpool FC
19,Sat Dec 19 2020,AFC Wimbledon,,Crewe Alexandra FC
19,Sat Dec 19 2020,Rochdale AFC,,Gillingham FC
19,Sat Dec 19 2020,Burton Albion FC,,Doncaster Rovers FC
19,Sat Dec 19 2020,Plymouth Argyle FC,,Milton Keynes Dons FC
19,Sat Dec 19 2020,Hull City AFC,,Portsmouth FC
19,Sat Dec 19 2020,Northampton Town FC,,Lincoln City FC
19,Sat Dec 19 2020,Peterborough United FC,,Ipswich Town FC
19,Sat Dec 19 2020,Fleetwood Town FC,,Wigan Athletic FC
5,Tue Dec 22 2020,Sunderland AFC,,Blackpool FC
5,Tue Dec 22 2020,Doncaster Rovers FC,,Shrewsbury Town FC
5,Tue Dec 22 2020,Ipswich Town FC,,Charlton Athletic FC
20,Sat Dec 26 2020,Blackpool FC,,Rochdale AFC
20,Sat Dec 26 2020,Charlton Athletic FC,,Plymouth Argyle FC
20,Sat Dec 26 2020,Crewe Alexandra FC,,Fleetwood Town FC
20,Sat Dec 26 2020,Doncaster Rovers FC,,Accrington Stanley FC
20,Sat Dec 26 2020,Gillingham FC,,Peterborough United FC
20,Sat Dec 26 2020,Ipswich Town FC,,Northampton Town FC
20,Sat Dec 26 2020,Lincoln City FC,,Burton Albion FC
20,Sat Dec 26 2020,Milton Keynes Dons FC,,Bristol Rovers FC
20,Sat Dec 26 2020,Oxford United FC,,AFC Wimbledon
20,Sat Dec 26 2020,Portsmouth FC,,Swindon Town FC
20,Sat Dec 26 2020,Sunderland AFC,,Hull City AFC
20,Sat Dec 26 2020,Wigan Athletic FC,,Shrewsbury Town FC
21,Tue Dec 29 2020,Accrington Stanley FC,,Sunderland AFC
21,Tue Dec 29 2020,AFC Wimbledon,,Ipswich Town FC
21,Tue Dec 29 2020,Bristol Rovers FC,,Portsmouth FC
21,Tue Dec 29 2020,Burton Albion FC,,Wigan Athletic FC
21,Tue Dec 29 2020,Fleetwood Town FC,,Doncaster Rovers FC
21,Tue Dec 29 2020,Hull City AFC,,Lincoln City FC
21,Tue Dec 29 2020,Northampton Town FC,,Gillingham FC
21,Tue Dec 29 2020,Peterborough United FC,,Charlton Athletic FC
21,Tue Dec 29 2020,Plymouth Argyle FC,,Oxford United FC
21,Tue Dec 29 2020,Rochdale AFC,,Crewe Alexandra FC
21,Tue Dec 29 2020,Shrewsbury Town FC,,Blackpool FC
21,Tue Dec 29 2020,Swindon Town FC,,Milton Keynes Dons FC
22,Sat Jan 2 2021,Accrington Stanley FC,,Portsmouth FC
22,Sat Jan 2 2021,AFC Wimbledon,,Lincoln City FC
22,Sat Jan 2 2021,Bristol Rovers FC,,Blackpool FC
22,Sat Jan 2 2021,Burton Albion FC,,Oxford United FC
22,Sat Jan 2 2021,Fleetwood Town FC,,Ipswich Town FC
22,Sat Jan 2 2021,Hull City AFC,,Charlton Athletic FC
22,Sat Jan 2 2021,Northampton Town FC,,Sunderland AFC
22,Sat Jan 2 2021,Peterborough United FC,,Doncaster Rovers FC
22,Sat Jan 2 2021,Plymouth Argyle FC,,Gillingham FC
22,Sat Jan 2 2021,Rochdale AFC,,Milton Keynes Dons FC
22,Sat Jan 2 2021,Shrewsbury Town FC,,Crewe Alexandra FC
22,Sat Jan 2 2021,Swindon Town FC,,Wigan Athletic FC
23,Sat Jan 9 2021,Blackpool FC,,Northampton Town FC
23,Sat Jan 9 2021,Charlton Athletic FC,,Accrington Stanley FC
23,Sat Jan 9 2021,Crewe Alexandra FC,,Bristol Rovers FC
23,Sat Jan 9 2021,Doncaster Rovers FC,,Rochdale AFC
23,Sat Jan 9 2021,Gillingham FC,,Burton Albion FC
23,Sat Jan 9 2021,Ipswich Town FC,,Swindon Town FC
23,Sat Jan 9 2021,Lincoln City FC,,Peterborough United FC
23,Sat Jan 9 2021,Milton Keynes Dons FC,,Fleetwood Town FC
23,Sat Jan 9 2021,Oxford United FC,,Shrewsbury Town FC
23,Sat Jan 9 2021,Portsmouth FC,,AFC Wimbledon
23,Sat Jan 9 2021,Sunderland AFC,,Plymouth Argyle FC
23,Sat Jan 9 2021,Wigan Athletic FC,,Hull City AFC
24,Sat Jan 16 2021,Accrington Stanley FC,,Gillingham FC
24,Sat Jan 16 2021,AFC Wimbledon,,Sunderland AFC
24,Sat Jan 16 2021,Bristol Rovers FC,,Charlton Athletic FC
24,Sat Jan 16 2021,Burton Albion FC,,Ipswich Town FC
24,Sat Jan 16 2021,Fleetwood Town FC,,Portsmouth FC
24,Sat Jan 16 2021,Hull City AFC,,Blackpool FC
24,Sat Jan 16 2021,Northampton Town FC,,Oxford United FC
24,Sat Jan 16 2021,Peterborough United FC,,Milton Keynes Dons FC
24,Sat Jan 16 2021,Plymouth Argyle FC,,Crewe Alexandra FC
24,Sat Jan 16 2021,Rochdale AFC,,Wigan Athletic FC
24,Sat Jan 16 2021,Shrewsbury Town FC,,Lincoln City FC
24,Sat Jan 16 2021,Swindon Town FC,,Doncaster Rovers FC
25,Sat Jan 23 2021,Blackpool FC,,Accrington Stanley FC
25,Sat Jan 23 2021,Charlton Athletic FC,,Swindon Town FC
25,Sat Jan 23 2021,Crewe Alexandra FC,,AFC Wimbledon
25,Sat Jan 23 2021,Doncaster Rovers FC,,Burton Albion FC
25,Sat Jan 23 2021,Gillingham FC,,Rochdale AFC
25,Sat Jan 23 2021,Ipswich Town FC,,Peterborough United FC
25,Sat Jan 23 2021,Lincoln City FC,,Northampton Town FC
25,Sat Jan 23 2021,Milton Keynes Dons FC,,Plymouth Argyle FC
25,Sat Jan 23 2021,Oxford United FC,,Bristol Rovers FC
25,Sat Jan 23 2021,Portsmouth FC,,Hull City AFC
25,Sat Jan 23 2021,Sunderland AFC,,Shrewsbury Town FC
25,Sat Jan 23 2021,Wigan Athletic FC,,Fleetwood Town FC
26,Tue Jan 26 2021,Accrington Stanley FC,,Hull City AFC
26,Tue Jan 26 2021,Burton Albion FC,,Shrewsbury Town FC
26,Tue Jan 26 2021,Fleetwood Town FC,,Northampton Town FC
26,Tue Jan 26 2021,Gillingham FC,,Crewe Alexandra FC
26,Tue Jan 26 2021,Ipswich Town FC,,Sunderland AFC
26,Tue Jan 26 2021,Milton Keynes Dons FC,,Charlton Athletic FC
26,Tue Jan 26 2021,Peterborough United FC,,Bristol Rovers FC
26,Tue Jan 26 2021,Portsmouth FC,,Lincoln City FC
26,Tue Jan 26 2021,Rochdale AFC,,Oxford United FC
26,Tue Jan 26 2021,Swindon Town FC,,Plymouth Argyle FC
26,Tue Jan 26 2021,Wigan Athletic FC,,Blackpool FC
26,Tue Jan 26 2021,Doncaster Rovers FC,,AFC Wimbledon
27,Sat Jan 30 2021,AFC Wimbledon,,Milton Keynes Dons FC
27,Sat Jan 30 2021,Blackpool FC,,Burton Albion FC
27,Sat Jan 30 2021,Bristol Rovers FC,,Rochdale AFC
27,Sat Jan 30 2021,Charlton Athletic FC,,Portsmouth FC
27,Sat Jan 30 2021,Crewe Alexandra FC,,Ipswich Town FC
27,Sat Jan 30 2021,Hull City AFC,,Swindon Town FC
27,Sat Jan 30 2021,Lincoln City FC,,Doncaster Rovers FC
27,Sat Jan 30 2021,Northampton Town FC,,Wigan Athletic FC
27,Sat Jan 30 2021,Oxford United FC,,Fleetwood Town FC
27,Sat Jan 30 2021,Plymouth Argyle FC,,Accrington Stanley FC
27,Sat Jan 30 2021,Shrewsbury Town FC,,Peterborough United FC
27,Sat Jan 30 2021,Sunderland AFC,,Gillingham FC
28,Sat Feb 6 2021,Accrington Stanley FC,,Northampton Town FC
28,Sat Feb 6 2021,Burton Albion FC,,Hull City AFC
28,Sat Feb 6 2021,Doncaster Rovers FC,,Oxford United FC
28,Sat Feb 6 2021,Fleetwood Town FC,,Bristol Rovers FC
28,Sat Feb 6 2021,Gillingham FC,,Lincoln City FC
28,Sat Feb 6 2021,Ipswich Town FC,,Blackpool FC
28,Sat Feb 6 2021,Milton Keynes Dons FC,,Sunderland AFC
28,Sat Feb 6 2021,Peterborough United FC,,Crewe Alexandra FC
28,Sat Feb 6 2021,Portsmouth FC,,Plymouth Argyle FC
28,Sat Feb 6 2021,Rochdale AFC,,Charlton Athletic FC
28,Sat Feb 6 2021,Swindon Town FC,,Shrewsbury Town FC
28,Sat Feb 6 2021,Wigan Athletic FC,,AFC Wimbledon
29,Sat Feb 13 2021,AFC Wimbledon,,Rochdale AFC
29,Sat Feb 13 2021,Blackpool FC,,Peterborough United FC
29,Sat Feb 13 2021,Bristol Rovers FC,,Swindon Town FC
29,Sat Feb 13 2021,Charlton Athletic FC,,Gillingham FC
29,Sat Feb 13 2021,Crewe Alexandra FC,,Portsmouth FC
29,Sat Feb 13 2021,Hull City AFC,,Milton Keynes Dons FC
29,Sat Feb 13 2021,Lincoln City FC,,Accrington Stanley FC
29,Sat Feb 13 2021,Northampton Town FC,,Burton Albion FC
29,Sat Feb 13 2021,Oxford United FC,,Wigan Athletic FC
29,Sat Feb 13 2021,Plymouth Argyle FC,,Fleetwood Town FC
29,Sat Feb 13 2021,Shrewsbury Town FC,,Ipswich Town FC
29,Sat Feb 13 2021,Sunderland AFC,,Doncaster Rovers FC
30,Sat Feb 20 2021,Accrington Stanley FC,,Shrewsbury Town FC
30,Sat Feb 20 2021,Burton Albion FC,,Sunderland AFC
30,Sat Feb 20 2021,Doncaster Rovers FC,,Hull City AFC
30,Sat Feb 20 2021,Fleetwood Town FC,,Charlton Athletic FC
30,Sat Feb 20 2021,Gillingham FC,,Bristol Rovers FC
30,Sat Feb 20 2021,Ipswich Town FC,,Oxford United FC
30,Sat Feb 20 2021,Milton Keynes Dons FC,,Northampton Town FC
30,Sat Feb 20 2021,Peterborough United FC,,AFC Wimbledon
30,Sat Feb 20 2021,Portsmouth FC,,Blackpool FC
30,Sat Feb 20 2021,Rochdale AFC,,Plymouth Argyle FC
30,Sat Feb 20 2021,Swindon Town FC,,Crewe Alexandra FC
30,Sat Feb 20 2021,Wigan Athletic FC,,Lincoln City FC
31,Tue Feb 23 2021,AFC Wimbledon,,Gillingham FC
31,Tue Feb 23 2021,Blackpool FC,,Doncaster Rovers FC
31,Tue Feb 23 2021,Bristol Rovers FC,,Wigan Athletic FC
31,Tue Feb 23 2021,Charlton Athletic FC,,Burton Albion FC
31,Tue Feb 23 2021,Crewe Alexandra FC,,Accrington Stanley FC
31,Tue Feb 23 2021,Hull City AFC,,Ipswich Town FC
31,Tue Feb 23 2021,Lincoln City FC,,Swindon Town FC
31,Tue Feb 23 2021,Northampton Town FC,,Rochdale AFC
31,Tue Feb 23 2021,Oxford United FC,,Portsmouth FC
31,Tue Feb 23 2021,Plymouth Argyle FC,,Peterborough United FC
31,Tue Feb 23 2021,Shrewsbury Town FC,,Milton Keynes Dons FC
31,Tue Feb 23 2021,Sunderland AFC,,Fleetwood Town FC
32,Sat Feb 27 2021,AFC Wimbledon,,Hull City AFC
32,Sat Feb 27 2021,Bristol Rovers FC,,Shrewsbury Town FC
32,Sat Feb 27 2021,Charlton Athletic FC,,Blackpool FC
32,Sat Feb 27 2021,Crewe Alexandra FC,,Sunderland AFC
32,Sat Feb 27 2021,Fleetwood Town FC,,Accrington Stanley FC
32,Sat Feb 27 2021,Ipswich Town FC,,Doncaster Rovers FC
32,Sat Feb 27 2021,Milton Keynes Dons FC,,Oxford United FC
32,Sat Feb 27 2021,Peterborough United FC,,Wigan Athletic FC
32,Sat Feb 27 2021,Plymouth Argyle FC,,Lincoln City FC
32,Sat Feb 27 2021,Portsmouth FC,,Gillingham FC
32,Sat Feb 27 2021,Rochdale AFC,,Burton Albion FC
32,Sat Feb 27 2021,Swindon Town FC,,Northampton Town FC
33,Tue Mar 2 2021,Accrington Stanley FC,,Ipswich Town FC
33,Tue Mar 2 2021,Blackpool FC,,Crewe Alexandra FC
33,Tue Mar 2 2021,Burton Albion FC,,Bristol Rovers FC
33,Tue Mar 2 2021,Gillingham FC,,Milton Keynes Dons FC
33,Tue Mar 2 2021,Hull City AFC,,Rochdale AFC
33,Tue Mar 2 2021,Lincoln City FC,,Fleetwood Town FC
33,Tue Mar 2 2021,Northampton Town FC,,Plymouth Argyle FC
33,Tue Mar 2 2021,Oxford United FC,,Peterborough United FC
33,Tue Mar 2 2021,Shrewsbury Town FC,,AFC Wimbledon
33,Tue Mar 2 2021,Sunderland AFC,,Swindon Town FC
33,Tue Mar 2 2021,Wigan Athletic FC,,Charlton Athletic FC
33,Tue Mar 2 2021,Doncaster Rovers FC,,Portsmouth FC
34,Sat Mar 6 2021,Accrington Stanley FC,,Swindon Town FC
34,Sat Mar 6 2021,Blackpool FC,,AFC Wimbledon
34,Sat Mar 6 2021,Burton Albion FC,,Peterborough United FC
34,Sat Mar 6 2021,Doncaster Rovers FC,,Plymouth Argyle FC
34,Sat Mar 6 2021,Gillingham FC,,Ipswich Town FC
34,Sat Mar 6 2021,Hull City AFC,,Bristol Rovers FC
34,Sat Mar 6 2021,Lincoln City FC,,Crewe Alexandra FC
34,Sat Mar 6 2021,Northampton Town FC,,Portsmouth FC
34,Sat Mar 6 2021,Oxford United FC,,Charlton Athletic FC
34,Sat Mar 6 2021,Shrewsbury Town FC,,Fleetwood Town FC
34,Sat Mar 6 2021,Sunderland AFC,,Rochdale AFC
34,Sat Mar 6 2021,Wigan Athletic FC,,Milton Keynes Dons FC
35,Tue Mar 9 2021,AFC Wimbledon,,Burton Albion FC
35,Tue Mar 9 2021,Bristol Rovers FC,,Accrington Stanley FC
35,Tue Mar 9 2021,Charlton Athletic FC,,Northampton Town FC
35,Tue Mar 9 2021,Crewe Alexandra FC,,Doncaster Rovers FC
35,Tue Mar 9 2021,Fleetwood Town FC,,Gillingham FC
35,Tue Mar 9 2021,Ipswich Town FC,,Lincoln City FC
35,Tue Mar 9 2021,Milton Keynes Dons FC,,Blackpool FC
35,Tue Mar 9 2021,Peterborough United FC,,Hull City AFC
35,Tue Mar 9 2021,Plymouth Argyle FC,,Wigan Athletic FC
35,Tue Mar 9 2021,Portsmouth FC,,Sunderland AFC
35,Tue Mar 9 2021,Rochdale AFC,,Shrewsbury Town FC
35,Tue Mar 9 2021,Swindon Town FC,,Oxford United FC
36,Sat Mar 13 2021,Blackpool FC,,Fleetwood Town FC
36,Sat Mar 13 2021,Bristol Rovers FC,,AFC Wimbledon
36,Sat Mar 13 2021,Charlton Athletic FC,,Shrewsbury Town FC
36,Sat Mar 13 2021,Crewe Alexandra FC,,Burton Albion FC
36,Sat Mar 13 2021,Doncaster Rovers FC,,Northampton Town FC
36,Sat Mar 13 2021,Hull City AFC,,Oxford United FC
36,Sat Mar 13 2021,Ipswich Town FC,,Plymouth Argyle FC
36,Sat Mar 13 2021,Lincoln City FC,,Rochdale AFC
36,Sat Mar 13 2021,Milton Keynes Dons FC,,Accrington Stanley FC
36,Sat Mar 13 2021,Peterborough United FC,,Portsmouth FC
36,Sat Mar 13 2021,Swindon Town FC,,Gillingham FC
36,Sat Mar 13 2021,Wigan Athletic FC,,Sunderland AFC
37,Sat Mar 20 2021,Accrington Stanley FC,,Wigan Athletic FC
37,Sat Mar 20 2021,AFC Wimbledon,,Charlton Athletic FC
37,Sat Mar 20 2021,Burton Albion FC,,Milton Keynes Dons FC
37,Sat Mar 20 2021,Fleetwood Town FC,,Swindon Town FC
37,Sat Mar 20 2021,Gillingham FC,,Doncaster Rovers FC
37,Sat Mar 20 2021,Northampton Town FC,,Crewe Alexandra FC
37,Sat Mar 20 2021,Oxford United FC,,Blackpool FC
37,Sat Mar 20 2021,Plymouth Argyle FC,,Bristol Rovers FC
37,Sat Mar 20 2021,Portsmouth FC,,Ipswich Town FC
37,Sat Mar 20 2021,Rochdale AFC,,Peterborough United FC
37,Sat Mar 20 2021,Shrewsbury Town FC,,Hull City AFC
37,Sat Mar 20 2021,Sunderland AFC,,Lincoln City FC
38,Sat Mar 27 2021,AFC Wimbledon,,Northampton Town FC
38,Sat Mar 27 2021,Blackpool FC,,Plymouth Argyle FC
38,Sat Mar 27 2021,Bristol Rovers FC,,Sunderland AFC
38,Sat Mar 27 2021,Burton Albion FC,,Fleetwood Town FC
38,Sat Mar 27 2021,Charlton Athletic FC,,Crewe Alexandra FC
38,Sat Mar 27 2021,Hull City AFC,,Gillingham FC
38,Sat Mar 27 2021,Milton Keynes Dons FC,,Doncaster Rovers FC
38,Sat Mar 27 2021,Oxford United FC,,Lincoln City FC
38,Sat Mar 27 2021,Peterborough United FC,,Accrington Stanley FC
38,Sat Mar 27 2021,Rochdale AFC,,Swindon Town FC
38,Sat Mar 27 2021,Shrewsbury Town FC,,Portsmouth FC
38,Sat Mar 27 2021,Wigan Athletic FC,,Ipswich Town FC
39,Fri Apr 2 2021,Accrington Stanley FC,,Burton Albion FC
39,Fri Apr 2 2021,Crewe Alexandra FC,,Hull City AFC
39,Fri Apr 2 2021,Doncaster Rovers FC,,Charlton Athletic FC
39,Fri Apr 2 2021,Fleetwood Town FC,,Peterborough United FC
39,Fri Apr 2 2021,Gillingham FC,,Wigan Athletic FC
39,Fri Apr 2 2021,Ipswich Town FC,,Bristol Rovers FC
39,Fri Apr 2 2021,Lincoln City FC,,Milton Keynes Dons FC
39,Fri Apr 2 2021,Northampton Town FC,,Shrewsbury Town FC
39,Fri Apr 2 2021,Plymouth Argyle FC,,AFC Wimbledon
39,Fri Apr 2 2021,Portsmouth FC,,Rochdale AFC
39,Fri Apr 2 2021,Sunderland AFC,,Oxford United FC
39,Fri Apr 2 2021,Swindon Town FC,,Blackpool FC
40,Mon Apr 5 2021,AFC Wimbledon,,Fleetwood Town FC
40,Mon Apr 5 2021,Blackpool FC,,Gillingham FC
40,Mon Apr 5 2021,Bristol Rovers FC,,Doncaster Rovers FC
40,Mon Apr 5 2021,Burton Albion FC,,Swindon Town FC
40,Mon Apr 5 2021,Charlton Athletic FC,,Lincoln City FC
40,Mon Apr 5 2021,Hull City AFC,,Northampton Town FC
40,Mon Apr 5 2021,Milton Keynes Dons FC,,Crewe Alexandra FC
40,Mon Apr 5 2021,Oxford United FC,,Accrington Stanley FC
40,Mon Apr 5 2021,Peterborough United FC,,Sunderland AFC
40,Mon Apr 5 2021,Rochdale AFC,,Ipswich Town FC
40,Mon Apr 5 2021,Shrewsbury Town FC,,Plymouth Argyle FC
40,Mon Apr 5 2021,Wigan Athletic FC,,Portsmouth FC
41,Sat Apr 10 2021,Accrington Stanley FC,,AFC Wimbledon
41,Sat Apr 10 2021,Crewe Alexandra FC,,Oxford United FC
41,Sat Apr 10 2021,Doncaster Rovers FC,,Wigan Athletic FC
41,Sat Apr 10 2021,Fleetwood Town FC,,Rochdale AFC
41,Sat Apr 10 2021,Gillingham FC,,Shrewsbury Town FC
41,Sat Apr 10 2021,Ipswich Town FC,,Milton Keynes Dons FC
41,Sat Apr 10 2021,Lincoln City FC,,Blackpool FC
41,Sat Apr 10 2021,Northampton Town FC,,Bristol Rovers FC
41,Sat Apr 10 2021,Plymouth Argyle FC,,Hull City AFC
41,Sat Apr 10 2021,Portsmouth FC,,Burton Albion FC
41,Sat Apr 10 2021,Sunderland AFC,,Charlton Athletic FC
41,Sat Apr 10 2021,Swindon Town FC,,Peterborough United FC
42,Sat Apr 17 2021,AFC Wimbledon,,Swindon Town FC
42,Sat Apr 17 2021,Blackpool FC,,Sunderland AFC
42,Sat Apr 17 2021,Bristol Rovers FC,,Lincoln City FC
42,Sat Apr 17 2021,Burton Albion FC,,Plymouth Argyle FC
42,Sat Apr 17 2021,Charlton Athletic FC,,Ipswich Town FC
42,Sat Apr 17 2021,Hull City AFC,,Fleetwood Town FC
42,Sat Apr 17 2021,Milton Keynes Dons FC,,Portsmouth FC
42,Sat Apr 17 2021,Oxford United FC,,Gillingham FC
42,Sat Apr 17 2021,Peterborough United FC,,Northampton Town FC
42,Sat Apr 17 2021,Rochdale AFC,,Accrington Stanley FC
42,Sat Apr 17 2021,Shrewsbury Town FC,,Doncaster Rovers FC
42,Sat Apr 17 2021,Wigan Athletic FC,,Crewe Alexandra FC
43,Tue Apr 20 2021,Accrington Stanley FC,,Doncaster Rovers FC
43,Tue Apr 20 2021,AFC Wimbledon,,Oxford United FC
43,Tue Apr 20 2021,Bristol Rovers FC,,Milton Keynes Dons FC
43,Tue Apr 20 2021,Burton Albion FC,,Lincoln City FC
43,Tue Apr 20 2021,Fleetwood Town FC,,Crewe Alexandra FC
43,Tue Apr 20 2021,Hull City AFC,,Sunderland AFC
43,Tue Apr 20 2021,Northampton Town FC,,Ipswich Town FC
43,Tue Apr 20 2021,Peterborough United FC,,Gillingham FC
43,Tue Apr 20 2021,Plymouth Argyle FC,,Charlton Athletic FC
43,Tue Apr 20 2021,Rochdale AFC,,Blackpool FC
43,Tue Apr 20 2021,Shrewsbury Town FC,,Wigan Athletic FC
43,Tue Apr 20 2021,Swindon Town FC,,Portsmouth FC
44,Sat Apr 24 2021,Blackpool FC,,Shrewsbury Town FC
44,Sat Apr 24 2021,Charlton Athletic FC,,Peterborough United FC
44,Sat Apr 24 2021,Crewe Alexandra FC,,Rochdale AFC
44,Sat Apr 24 2021,Doncaster Rovers FC,,Fleetwood Town FC
44,Sat Apr 24 2021,Gillingham FC,,Northampton Town FC
44,Sat Apr 24 2021,Ipswich Town FC,,AFC Wimbledon
44,Sat Apr 24 2021,Lincoln City FC,,Hull City AFC
44,Sat Apr 24 2021,Milton Keynes Dons FC,,Swindon Town FC
44,Sat Apr 24 2021,Oxford United FC,,Plymouth Argyle FC
44,Sat Apr 24 2021,Portsmouth FC,,Bristol Rovers FC
44,Sat Apr 24 2021,Sunderland AFC,,Accrington Stanley FC
44,Sat Apr 24 2021,Wigan Athletic FC,,Burton Albion FC
45,Sat May 1 2021,Accrington Stanley FC,,Charlton Athletic FC
45,Sat May 1 2021,AFC Wimbledon,,Portsmouth FC
45,Sat May 1 2021,Bristol Rovers FC,,Crewe Alexandra FC
45,Sat May 1 2021,Burton Albion FC,,Gillingham FC
45,Sat May 1 2021,Fleetwood Town FC,,Milton Keynes Dons FC
45,Sat May 1 2021,Hull City AFC,,Wigan Athletic FC
45,Sat May 1 2021,Northampton Town FC,,Blackpool FC
45,Sat May 1 2021,Peterborough United FC,,Lincoln City FC
45,Sat May 1 2021,Plymouth Argyle FC,,Sunderland AFC
45,Sat May 1 2021,Rochdale AFC,,Doncaster Rovers FC
45,Sat May 1 2021,Shrewsbury Town FC,,Oxford United FC
45,Sat May 1 2021,Swindon Town FC,,Ipswich Town FC
46,Sat May 8 2021,Blackpool FC,,Bristol Rovers FC
46,Sat May 8 2021,Charlton Athletic FC,,Hull City AFC
46,Sat May 8 2021,Crewe Alexandra FC,,Shrewsbury Town FC
46,Sat May 8 2021,Doncaster Rovers FC,,Peterborough United FC
46,Sat May 8 2021,Gillingham FC,,Plymouth Argyle FC
46,Sat May 8 2021,Ipswich Town FC,,Fleetwood Town FC
46,Sat May 8 2021,Lincoln City FC,,AFC Wimbledon
46,Sat May 8 2021,Milton Keynes Dons FC,,Rochdale AFC
46,Sat May 8 2021,Oxford United FC,,Burton Albion FC
46,Sat May 8 2021,Portsmouth FC,,Accrington Stanley FC
46,Sat May 8 2021,Sunderland AFC,,Northampton Town FC
46,Sat May 8 2021,Wigan Athletic FC,,Swindon Town FC
